{"cameraMode":{"drawMode":0,"name":"Shaded","section":"Shading Mode"},"sceneLighting":false,"audioPlay":false,"sceneViewState":{"showFog":true,"showMaterialUpdate":false,"showSkybox":false,"showFlares":true,"showImageEffects":true,"showParticleSystems":true},"in2DMode":false,"pivot":{"x":1.6999999284744263,"y":2.4992566108703615,"z":-1.499999761581421},"rotation":{"x":-0.34931284189224245,"y":-0.06009718403220177,"z":0.022459110245108606,"w":-0.9348145127296448},"size":2.696467399597168,"orthographic":false}