{"cameraMode":{"drawMode":0,"name":"Shaded","section":"Shading Mode"},"sceneLighting":false,"audioPlay":false,"sceneViewState":{"showFog":true,"showMaterialUpdate":false,"showSkybox":false,"showFlares":true,"showImageEffects":true,"showParticleSystems":true},"in2DMode":false,"pivot":{"x":-5.960464477539063e-8,"y":0.4989582896232605,"z":3.110617399215698e-7},"rotation":{"x":-0.3102962374687195,"y":-0.023953508585691453,"z":0.007822063751518727,"w":-0.9503148794174194},"size":0.7314314842224121,"orthographic":false}