{"cameraMode":{"drawMode":0,"name":"Shaded","section":"Shading Mode"},"sceneLighting":true,"audioPlay":false,"sceneViewState":{"showFog":true,"showMaterialUpdate":false,"showSkybox":true,"showFlares":true,"showImageEffects":true,"showParticleSystems":true},"in2DMode":false,"pivot":{"x":-0.47270697355270388,"y":1.3371673822402955,"z":4.381545066833496},"rotation":{"x":-0.10049481689929962,"y":0.09268675744533539,"z":-0.009408250451087952,"w":-0.9905831217765808},"size":10.761102676391602,"orthographic":false}